BANCO;MONTO;PERFIL;FECHA
EL CRÉDITO HIPOTECARIO NACIONAL DE GUATEMALA;4997677;ACTIVO;2020/11/30
INMOBILIARIO, S. A.;1945686;ACTIVO;2020/11/30
DE LOS TRABAJADORES;28029407;ACTIVO;2020/11/30
INDUSTRIAL, S. A.;107179306;ACTIVO;2020/11/30
DE DESARROLLO RURAL, S. A.;84433466;ACTIVO;2020/11/30
INTERNACIONAL, S. A.;11090004;ACTIVO;2020/11/30
CITIBANK, N.A., SUCURSAL GUATEMALA;4229056;ACTIVO;2020/11/30
VIVIBANCO, S. A.;784319;ACTIVO;2020/11/30
FICOHSA GUATEMALA, S. A.;2846268;ACTIVO;2020/11/30
PROMERICA, S. A.;17681466;ACTIVO;2020/11/30
DE ANTIGUA, S. A.;1482883;ACTIVO;2020/11/30
DE AMÉRICA CENTRAL, S. A.;34342100;ACTIVO;2020/11/30
AGROMERCANTIL DE GUATEMALA, S. A.;32020230;ACTIVO;2020/11/30
G&T CONTINENTAL, S. A.;55685038;ACTIVO;2020/11/30
AZTECA DE GUATEMALA, S. A.;1917869;ACTIVO;2020/11/30
INV, S. A.;939617;ACTIVO;2020/11/30
CREDICORP, S. A.;416242;ACTIVO;2020/11/30
EL CRÉDITO HIPOTECARIO NACIONAL DE GUATEMALA;4806250;PASIVO;2020/11/30
INMOBILIARIO, S. A.;1618324;PASIVO;2020/11/30
DE LOS TRABAJADORES;24117870;PASIVO;2020/11/30
INDUSTRIAL, S. A.;98184177;PASIVO;2020/11/30
DE DESARROLLO RURAL, S. A.;76328096;PASIVO;2020/11/30
INTERNACIONAL, S. A.;10082494;PASIVO;2020/11/30
CITIBANK, N.A., SUCURSAL GUATEMALA;3802967;PASIVO;2020/11/30
VIVIBANCO, S. A.;628204;PASIVO;2020/11/30
FICOHSA GUATEMALA, S. A.;2529464;PASIVO;2020/11/30
PROMERICA, S. A.;15924584;PASIVO;2020/11/30
DE ANTIGUA, S. A.;1276409;PASIVO;2020/11/30
DE AMÉRICA CENTRAL, S. A.;31287473;PASIVO;2020/11/30
AGROMERCANTIL DE GUATEMALA, S. A.;29372555;PASIVO;2020/11/30
G&T CONTINENTAL, S. A.;50553052;PASIVO;2020/11/30
AZTECA DE GUATEMALA, S. A.;1370634;PASIVO;2020/11/30
INV, S. A.;816529;PASIVO;2020/11/30
CREDICORP, S. A.;357783;PASIVO;2020/11/30
EL CRÉDITO HIPOTECARIO NACIONAL DE GUATEMALA;191427;CAPITAL;2020/11/30
INMOBILIARIO, S. A.;327362;CAPITAL;2020/11/30
DE LOS TRABAJADORES;3911537;CAPITAL;2020/11/30
INDUSTRIAL, S. A.;8995128;CAPITAL;2020/11/30
DE DESARROLLO RURAL, S. A.;8105370;CAPITAL;2020/11/30
INTERNACIONAL, S. A.;1007510;CAPITAL;2020/11/30
CITIBANK, N.A., SUCURSAL GUATEMALA;426088;CAPITAL;2020/11/30
VIVIBANCO, S. A.;156116;CAPITAL;2020/11/30
FICOHSA GUATEMALA, S. A.;316804;CAPITAL;2020/11/30
PROMERICA, S. A.;1756883;CAPITAL;2020/11/30
DE ANTIGUA, S. A.;206474;CAPITAL;2020/11/30
DE AMÉRICA CENTRAL, S. A.;3054627;CAPITAL;2020/11/30
AGROMERCANTIL DE GUATEMALA, S. A.;2647675;CAPITAL;2020/11/30
G&T CONTINENTAL, S. A.;5131986;CAPITAL;2020/11/30
AZTECA DE GUATEMALA, S. A.;547235;CAPITAL;2020/11/30
INV, S. A.;123088;CAPITAL;2020/11/30
CREDICORP, S. A.;58459;CAPITAL;2020/11/30
EL CRÉDITO HIPOTECARIO NACIONAL DE GUATEMALA;5701976;ACTIVO;2020/12/31
INMOBILIARIO, S. A.;1987348;ACTIVO;2020/12/31
DE LOS TRABAJADORES;27839545;ACTIVO;2020/12/31
INDUSTRIAL, S. A.;109248691;ACTIVO;2020/12/31
DE DESARROLLO RURAL, S. A.;85157529;ACTIVO;2020/12/31
INTERNACIONAL, S. A.;11180537;ACTIVO;2020/12/31
CITIBANK, N.A., SUCURSAL GUATEMALA;4824523;ACTIVO;2020/12/31
VIVIBANCO, S. A.;775345;ACTIVO;2020/12/31
FICOHSA GUATEMALA, S. A.;3063499;ACTIVO;2020/12/31
PROMERICA, S. A.;17485138;ACTIVO;2020/12/31
DE ANTIGUA, S. A.;1467480;ACTIVO;2020/12/31
DE AMÉRICA CENTRAL, S. A.;34480915;ACTIVO;2020/12/31
AGROMERCANTIL DE GUATEMALA, S. A.;31812010;ACTIVO;2020/12/31
G&T CONTINENTAL, S. A.;55751644;ACTIVO;2020/12/31
AZTECA DE GUATEMALA, S. A.;1934437;ACTIVO;2020/12/31
INV, S. A.;930519;ACTIVO;2020/12/31
CREDICORP, S. A.;425317;ACTIVO;2020/12/31
EL CRÉDITO HIPOTECARIO NACIONAL DE GUATEMALA;5468203;PASIVO;2020/12/31
INMOBILIARIO, S. A.;1654549;PASIVO;2020/12/31
DE LOS TRABAJADORES;23956103;PASIVO;2020/12/31
INDUSTRIAL, S. A.;100139997;PASIVO;2020/12/31
DE DESARROLLO RURAL, S. A.;77260902;PASIVO;2020/12/31
INTERNACIONAL, S. A.;10143842;PASIVO;2020/12/31
CITIBANK, N.A., SUCURSAL GUATEMALA;4481708;PASIVO;2020/12/31
VIVIBANCO, S. A.;621595;PASIVO;2020/12/31
FICOHSA GUATEMALA, S. A.;2744551;PASIVO;2020/12/31
PROMERICA, S. A.;15880064;PASIVO;2020/12/31
DE ANTIGUA, S. A.;1269750;PASIVO;2020/12/31
DE AMÉRICA CENTRAL, S. A.;31470534;PASIVO;2020/12/31
AGROMERCANTIL DE GUATEMALA, S. A.;29175847;PASIVO;2020/12/31
G&T CONTINENTAL, S. A.;50635901;PASIVO;2020/12/31
AZTECA DE GUATEMALA, S. A.;1374482;PASIVO;2020/12/31
INV, S. A.;805432;PASIVO;2020/12/31
CREDICORP, S. A.;366104;PASIVO;2020/12/31
EL CRÉDITO HIPOTECARIO NACIONAL DE GUATEMALA;233773;CAPITAL;2020/12/31
INMOBILIARIO, S. A.;332799;CAPITAL;2020/12/31
DE LOS TRABAJADORES;3883442;CAPITAL;2020/12/31
INDUSTRIAL, S. A.;9108694;CAPITAL;2020/12/31
DE DESARROLLO RURAL, S. A.;7896627;CAPITAL;2020/12/31
INTERNACIONAL, S. A.;1036695;CAPITAL;2020/12/31
CITIBANK, N.A., SUCURSAL GUATEMALA;342815;CAPITAL;2020/12/31
VIVIBANCO, S. A.;153750;CAPITAL;2020/12/31
FICOHSA GUATEMALA, S. A.;318948;CAPITAL;2020/12/31
PROMERICA, S. A.;1605074;CAPITAL;2020/12/31
DE ANTIGUA, S. A.;197730;CAPITAL;2020/12/31
DE AMÉRICA CENTRAL, S. A.;3010380;CAPITAL;2020/12/31
AGROMERCANTIL DE GUATEMALA, S. A.;2636163;CAPITAL;2020/12/31
G&T CONTINENTAL, S. A.;5115743;CAPITAL;2020/12/31
AZTECA DE GUATEMALA, S. A.;559955;CAPITAL;2020/12/31
INV, S. A.;125088;CAPITAL;2020/12/31
CREDICORP, S. A.;59213;CAPITAL;2020/12/31
EL CRÉDITO HIPOTECARIO NACIONAL DE GUATEMALA;5231404;ACTIVO;2021/01/31
INMOBILIARIO, S. A.;2037146;ACTIVO;2021/01/31
DE LOS TRABAJADORES;28121453;ACTIVO;2021/01/31
INDUSTRIAL, S. A.;109911171;ACTIVO;2021/01/31
DE DESARROLLO RURAL, S. A.;85620311;ACTIVO;2021/01/31
INTERNACIONAL, S. A.;11322296;ACTIVO;2021/01/31
CITIBANK, N.A., SUCURSAL GUATEMALA;4594835;ACTIVO;2021/01/31
VIVIBANCO, S. A.;788552;ACTIVO;2021/01/31
FICOHSA GUATEMALA, S. A.;3031790;ACTIVO;2021/01/31
PROMERICA, S. A.;17969928;ACTIVO;2021/01/31
DE ANTIGUA, S. A.;1488318;ACTIVO;2021/01/31
DE AMÉRICA CENTRAL, S. A.;34701142;ACTIVO;2021/01/31
AGROMERCANTIL DE GUATEMALA, S. A.;31855324;ACTIVO;2021/01/31
G&T CONTINENTAL, S. A.;56554430;ACTIVO;2021/01/31
AZTECA DE GUATEMALA, S. A.;1911075;ACTIVO;2021/01/31
INV, S. A.;929271;ACTIVO;2021/01/31
CREDICORP, S. A.;430598;ACTIVO;2021/01/31
EL CRÉDITO HIPOTECARIO NACIONAL DE GUATEMALA;4985605;PASIVO;2021/01/31
INMOBILIARIO, S. A.;1702746;PASIVO;2021/01/31
DE LOS TRABAJADORES;24179138;PASIVO;2021/01/31
INDUSTRIAL, S. A.;100683638;PASIVO;2021/01/31
DE DESARROLLO RURAL, S. A.;77636201;PASIVO;2021/01/31
INTERNACIONAL, S. A.;10275207;PASIVO;2021/01/31
CITIBANK, N.A., SUCURSAL GUATEMALA;4249419;PASIVO;2021/01/31
VIVIBANCO, S. A.;632870;PASIVO;2021/01/31
FICOHSA GUATEMALA, S. A.;2712260;PASIVO;2021/01/31
PROMERICA, S. A.;16351145;PASIVO;2021/01/31
DE ANTIGUA, S. A.;1312273;PASIVO;2021/01/31
DE AMÉRICA CENTRAL, S. A.;31655966;PASIVO;2021/01/31
AGROMERCANTIL DE GUATEMALA, S. A.;29217386;PASIVO;2021/01/31
G&T CONTINENTAL, S. A.;51416248;PASIVO;2021/01/31
AZTECA DE GUATEMALA, S. A.;1333652;PASIVO;2021/01/31
INV, S. A.;803626;PASIVO;2021/01/31
CREDICORP, S. A.;370599;PASIVO;2021/01/31
EL CRÉDITO HIPOTECARIO NACIONAL DE GUATEMALA;245799;CAPITAL;2021/01/31
INMOBILIARIO, S. A.;334399;CAPITAL;2021/01/31
DE LOS TRABAJADORES;3942315;CAPITAL;2021/01/31
INDUSTRIAL, S. A.;9227533;CAPITAL;2021/01/31
DE DESARROLLO RURAL, S. A.;7984110;CAPITAL;2021/01/31
INTERNACIONAL, S. A.;1047089;CAPITAL;2021/01/31
CITIBANK, N.A., SUCURSAL GUATEMALA;345417;CAPITAL;2021/01/31
VIVIBANCO, S. A.;155683;CAPITAL;2021/01/31
FICOHSA GUATEMALA, S. A.;319530;CAPITAL;2021/01/31
PROMERICA, S. A.;1618783;CAPITAL;2021/01/31
DE ANTIGUA, S. A.;176044;CAPITAL;2021/01/31
DE AMÉRICA CENTRAL, S. A.;3045176;CAPITAL;2021/01/31
AGROMERCANTIL DE GUATEMALA, S. A.;2637937;CAPITAL;2021/01/31
G&T CONTINENTAL, S. A.;5138181;CAPITAL;2021/01/31
AZTECA DE GUATEMALA, S. A.;577422;CAPITAL;2021/01/31
INV, S. A.;125645;CAPITAL;2021/01/31
CREDICORP, S. A.;59999;CAPITAL;2021/01/31
EL CRÉDITO HIPOTECARIO NACIONAL DE GUATEMALA;5393023;ACTIVO;2021/02/28
INMOBILIARIO, S. A.;1981535;ACTIVO;2021/02/28
DE LOS TRABAJADORES;28133805;ACTIVO;2021/02/28
INDUSTRIAL, S. A.;109003615;ACTIVO;2021/02/28
DE DESARROLLO RURAL, S. A.;86213140;ACTIVO;2021/02/28
INTERNACIONAL, S. A.;11317515;ACTIVO;2021/02/28
CITIBANK, N.A., SUCURSAL GUATEMALA;4336361;ACTIVO;2021/02/28
VIVIBANCO, S. A.;790974;ACTIVO;2021/02/28
FICOHSA GUATEMALA, S. A.;3154878;ACTIVO;2021/02/28
PROMERICA, S. A.;17855222;ACTIVO;2021/02/28
DE ANTIGUA, S. A.;1509598;ACTIVO;2021/02/28
DE AMÉRICA CENTRAL, S. A.;34902032;ACTIVO;2021/02/28
AGROMERCANTIL DE GUATEMALA, S. A.;31969271;ACTIVO;2021/02/28
G&T CONTINENTAL, S. A.;56947898;ACTIVO;2021/02/28
AZTECA DE GUATEMALA, S. A.;1911612;ACTIVO;2021/02/28
INV, S. A.;932459;ACTIVO;2021/02/28
CREDICORP, S. A.;447673;ACTIVO;2021/02/28
EL CRÉDITO HIPOTECARIO NACIONAL DE GUATEMALA;5139261;PASIVO;2021/02/28
INMOBILIARIO, S. A.;1648941;PASIVO;2021/02/28
DE LOS TRABAJADORES;24278645;PASIVO;2021/02/28
INDUSTRIAL, S. A.;99780819;PASIVO;2021/02/28
DE DESARROLLO RURAL, S. A.;78154425;PASIVO;2021/02/28
INTERNACIONAL, S. A.;10261023;PASIVO;2021/02/28
CITIBANK, N.A., SUCURSAL GUATEMALA;3987399;PASIVO;2021/02/28
VIVIBANCO, S. A.;639899;PASIVO;2021/02/28
FICOHSA GUATEMALA, S. A.;2832356;PASIVO;2021/02/28
PROMERICA, S. A.;16210741;PASIVO;2021/02/28
DE ANTIGUA, S. A.;1328401;PASIVO;2021/02/28
DE AMÉRICA CENTRAL, S. A.;31855188;PASIVO;2021/02/28
AGROMERCANTIL DE GUATEMALA, S. A.;29315476;PASIVO;2021/02/28
G&T CONTINENTAL, S. A.;51758293;PASIVO;2021/02/28
AZTECA DE GUATEMALA, S. A.;1321946;PASIVO;2021/02/28
INV, S. A.;813083;PASIVO;2021/02/28
CREDICORP, S. A.;396504;PASIVO;2021/02/28
EL CRÉDITO HIPOTECARIO NACIONAL DE GUATEMALA;253763;CAPITAL;2021/02/28
INMOBILIARIO, S. A.;332593;CAPITAL;2021/02/28
DE LOS TRABAJADORES;3855160;CAPITAL;2021/02/28
INDUSTRIAL, S. A.;9222797;CAPITAL;2021/02/28
DE DESARROLLO RURAL, S. A.;8058715;CAPITAL;2021/02/28
INTERNACIONAL, S. A.;1056493;CAPITAL;2021/02/28
CITIBANK, N.A., SUCURSAL GUATEMALA;348962;CAPITAL;2021/02/28
VIVIBANCO, S. A.;151075;CAPITAL;2021/02/28
FICOHSA GUATEMALA, S. A.;322522;CAPITAL;2021/02/28
PROMERICA, S. A.;1644481;CAPITAL;2021/02/28
DE ANTIGUA, S. A.;181196;CAPITAL;2021/02/28
DE AMÉRICA CENTRAL, S. A.;3046844;CAPITAL;2021/02/28
AGROMERCANTIL DE GUATEMALA, S. A.;2653795;CAPITAL;2021/02/28
G&T CONTINENTAL, S. A.;5189605;CAPITAL;2021/02/28
AZTECA DE GUATEMALA, S. A.;589666;CAPITAL;2021/02/28
INV, S. A.;119376;CAPITAL;2021/02/28
CREDICORP, S. A.;51169;CAPITAL;2021/02/28
EL CRÉDITO HIPOTECARIO NACIONAL DE GUATEMALA;5356311;ACTIVO;2021/03/31
INMOBILIARIO, S. A.;1972203;ACTIVO;2021/03/31
DE LOS TRABAJADORES;28416638;ACTIVO;2021/03/31
INDUSTRIAL, S. A.;111009867;ACTIVO;2021/03/31
DE DESARROLLO RURAL, S. A.;86113731;ACTIVO;2021/03/31
INTERNACIONAL, S. A.;11173738;ACTIVO;2021/03/31
CITIBANK, N.A., SUCURSAL GUATEMALA;4130179;ACTIVO;2021/03/31
VIVIBANCO, S. A.;765157;ACTIVO;2021/03/31
FICOHSA GUATEMALA, S. A.;3200302;ACTIVO;2021/03/31
PROMERICA, S. A.;17813585;ACTIVO;2021/03/31
DE ANTIGUA, S. A.;1496359;ACTIVO;2021/03/31
DE AMÉRICA CENTRAL, S. A.;35026529;ACTIVO;2021/03/31
AGROMERCANTIL DE GUATEMALA, S. A.;31679116;ACTIVO;2021/03/31
G&T CONTINENTAL, S. A.;56173977;ACTIVO;2021/03/31
AZTECA DE GUATEMALA, S. A.;1942997;ACTIVO;2021/03/31
INV, S. A.;930229;ACTIVO;2021/03/31
CREDICORP, S. A.;463326;ACTIVO;2021/03/31
EL CRÉDITO HIPOTECARIO NACIONAL DE GUATEMALA;5087142;PASIVO;2021/03/31
INMOBILIARIO, S. A.;1636625;PASIVO;2021/03/31
DE LOS TRABAJADORES;24512437;PASIVO;2021/03/31
INDUSTRIAL, S. A.;101506303;PASIVO;2021/03/31
DE DESARROLLO RURAL, S. A.;78308326;PASIVO;2021/03/31
INTERNACIONAL, S. A.;10105272;PASIVO;2021/03/31
CITIBANK, N.A., SUCURSAL GUATEMALA;3771462;PASIVO;2021/03/31
VIVIBANCO, S. A.;612983;PASIVO;2021/03/31
FICOHSA GUATEMALA, S. A.;2874827;PASIVO;2021/03/31
PROMERICA, S. A.;16038592;PASIVO;2021/03/31
DE ANTIGUA, S. A.;1304415;PASIVO;2021/03/31
DE AMÉRICA CENTRAL, S. A.;31934202;PASIVO;2021/03/31
AGROMERCANTIL DE GUATEMALA, S. A.;28902306;PASIVO;2021/03/31
G&T CONTINENTAL, S. A.;51111840;PASIVO;2021/03/31
AZTECA DE GUATEMALA, S. A.;1339062;PASIVO;2021/03/31
INV, S. A.;810130;PASIVO;2021/03/31
CREDICORP, S. A.;410780;PASIVO;2021/03/31
EL CRÉDITO HIPOTECARIO NACIONAL DE GUATEMALA;269168;CAPITAL;2021/03/31
INMOBILIARIO, S. A.;335578;CAPITAL;2021/03/31
DE LOS TRABAJADORES;3904201;CAPITAL;2021/03/31
INDUSTRIAL, S. A.;9503565;CAPITAL;2021/03/31
DE DESARROLLO RURAL, S. A.;7805406;CAPITAL;2021/03/31
INTERNACIONAL, S. A.;1068466;CAPITAL;2021/03/31
CITIBANK, N.A., SUCURSAL GUATEMALA;358718;CAPITAL;2021/03/31
VIVIBANCO, S. A.;152174;CAPITAL;2021/03/31
FICOHSA GUATEMALA, S. A.;325475;CAPITAL;2021/03/31
PROMERICA, S. A.;1774994;CAPITAL;2021/03/31
DE ANTIGUA, S. A.;191944;CAPITAL;2021/03/31
DE AMÉRICA CENTRAL, S. A.;3092326;CAPITAL;2021/03/31
AGROMERCANTIL DE GUATEMALA, S. A.;2776811;CAPITAL;2021/03/31
G&T CONTINENTAL, S. A.;5062137;CAPITAL;2021/03/31
AZTECA DE GUATEMALA, S. A.;603935;CAPITAL;2021/03/31
INV, S. A.;120099;CAPITAL;2021/03/31
CREDICORP, S. A.;52546;CAPITAL;2021/03/31
EL CRÉDITO HIPOTECARIO NACIONAL DE GUATEMALA;5534610;ACTIVO;2021/04/30
INMOBILIARIO, S. A.;2037961;ACTIVO;2021/04/30
DE LOS TRABAJADORES;28676074;ACTIVO;2021/04/30
INDUSTRIAL, S. A.;112362517;ACTIVO;2021/04/30
DE DESARROLLO RURAL, S. A.;87432128;ACTIVO;2021/04/30
INTERNACIONAL, S. A.;11439168;ACTIVO;2021/04/30
CITIBANK, N.A., SUCURSAL GUATEMALA;4312208;ACTIVO;2021/04/30
VIVIBANCO, S. A.;765152;ACTIVO;2021/04/30
FICOHSA GUATEMALA, S. A.;3165145;ACTIVO;2021/04/30
PROMERICA, S. A.;18026749;ACTIVO;2021/04/30
DE ANTIGUA, S. A.;1536311;ACTIVO;2021/04/30
DE AMÉRICA CENTRAL, S. A.;34464484;ACTIVO;2021/04/30
AGROMERCANTIL DE GUATEMALA, S. A.;32333473;ACTIVO;2021/04/30
G&T CONTINENTAL, S. A.;56565789;ACTIVO;2021/04/30
AZTECA DE GUATEMALA, S. A.;1936622;ACTIVO;2021/04/30
INV, S. A.;913513;ACTIVO;2021/04/30
CREDICORP, S. A.;493224;ACTIVO;2021/04/30
EL CRÉDITO HIPOTECARIO NACIONAL DE GUATEMALA;5253869;PASIVO;2021/04/30
INMOBILIARIO, S. A.;1700380;PASIVO;2021/04/30
DE LOS TRABAJADORES;24692534;PASIVO;2021/04/30
INDUSTRIAL, S. A.;103842371;PASIVO;2021/04/30
DE DESARROLLO RURAL, S. A.;79520305;PASIVO;2021/04/30
INTERNACIONAL, S. A.;10393588;PASIVO;2021/04/30
CITIBANK, N.A., SUCURSAL GUATEMALA;3944125;PASIVO;2021/04/30
VIVIBANCO, S. A.;612169;PASIVO;2021/04/30
FICOHSA GUATEMALA, S. A.;2838471;PASIVO;2021/04/30
PROMERICA, S. A.;16379000;PASIVO;2021/04/30
DE ANTIGUA, S. A.;1340610;PASIVO;2021/04/30
DE AMÉRICA CENTRAL, S. A.;31362892;PASIVO;2021/04/30
AGROMERCANTIL DE GUATEMALA, S. A.;29487991;PASIVO;2021/04/30
G&T CONTINENTAL, S. A.;51398575;PASIVO;2021/04/30
AZTECA DE GUATEMALA, S. A.;1317803;PASIVO;2021/04/30
INV, S. A.;792712;PASIVO;2021/04/30
CREDICORP, S. A.;440444;PASIVO;2021/04/30
EL CRÉDITO HIPOTECARIO NACIONAL DE GUATEMALA;280741;CAPITAL;2021/04/30
INMOBILIARIO, S. A.;337581;CAPITAL;2021/04/30
DE LOS TRABAJADORES;3983540;CAPITAL;2021/04/30
INDUSTRIAL, S. A.;8520146;CAPITAL;2021/04/30
DE DESARROLLO RURAL, S. A.;7911823;CAPITAL;2021/04/30
INTERNACIONAL, S. A.;1045580;CAPITAL;2021/04/30
CITIBANK, N.A., SUCURSAL GUATEMALA;368083;CAPITAL;2021/04/30
VIVIBANCO, S. A.;152982;CAPITAL;2021/04/30
FICOHSA GUATEMALA, S. A.;326674;CAPITAL;2021/04/30
PROMERICA, S. A.;1647749;CAPITAL;2021/04/30
DE ANTIGUA, S. A.;195702;CAPITAL;2021/04/30
DE AMÉRICA CENTRAL, S. A.;3101591;CAPITAL;2021/04/30
AGROMERCANTIL DE GUATEMALA, S. A.;2845482;CAPITAL;2021/04/30
G&T CONTINENTAL, S. A.;5167214;CAPITAL;2021/04/30
AZTECA DE GUATEMALA, S. A.;618819;CAPITAL;2021/04/30
INV, S. A.;120801;CAPITAL;2021/04/30
CREDICORP, S. A.;52780;CAPITAL;2021/04/30
EL CRÉDITO HIPOTECARIO NACIONAL DE GUATEMALA;5603350;ACTIVO;2021/05/31
INMOBILIARIO, S. A.;2010207;ACTIVO;2021/05/31
DE LOS TRABAJADORES;28887509;ACTIVO;2021/05/31
INDUSTRIAL, S. A.;112844349;ACTIVO;2021/05/31
DE DESARROLLO RURAL, S. A.;88765495;ACTIVO;2021/05/31
INTERNACIONAL, S. A.;11480163;ACTIVO;2021/05/31
CITIBANK, N.A., SUCURSAL GUATEMALA;4229080;ACTIVO;2021/05/31
VIVIBANCO, S. A.;773247;ACTIVO;2021/05/31
FICOHSA GUATEMALA, S. A.;3189467;ACTIVO;2021/05/31
PROMERICA, S. A.;18600360;ACTIVO;2021/05/31
DE ANTIGUA, S. A.;1455811;ACTIVO;2021/05/31
DE AMÉRICA CENTRAL, S. A.;34241674;ACTIVO;2021/05/31
AGROMERCANTIL DE GUATEMALA, S. A.;32111207;ACTIVO;2021/05/31
G&T CONTINENTAL, S. A.;56792070;ACTIVO;2021/05/31
AZTECA DE GUATEMALA, S. A.;1975132;ACTIVO;2021/05/31
INV, S. A.;892368;ACTIVO;2021/05/31
CREDICORP, S. A.;505062;ACTIVO;2021/05/31
EL CRÉDITO HIPOTECARIO NACIONAL DE GUATEMALA;5310799;PASIVO;2021/05/31
INMOBILIARIO, S. A.;1670702;PASIVO;2021/05/31
DE LOS TRABAJADORES;24834384;PASIVO;2021/05/31
INDUSTRIAL, S. A.;104174738;PASIVO;2021/05/31
DE DESARROLLO RURAL, S. A.;80642851;PASIVO;2021/05/31
INTERNACIONAL, S. A.;10422292;PASIVO;2021/05/31
CITIBANK, N.A., SUCURSAL GUATEMALA;3858680;PASIVO;2021/05/31
VIVIBANCO, S. A.;618676;PASIVO;2021/05/31
FICOHSA GUATEMALA, S. A.;2861165;PASIVO;2021/05/31
PROMERICA, S. A.;16908350;PASIVO;2021/05/31
DE ANTIGUA, S. A.;1340736;PASIVO;2021/05/31
DE AMÉRICA CENTRAL, S. A.;31109129;PASIVO;2021/05/31
AGROMERCANTIL DE GUATEMALA, S. A.;29220384;PASIVO;2021/05/31
G&T CONTINENTAL, S. A.;51571478;PASIVO;2021/05/31
AZTECA DE GUATEMALA, S. A.;1342920;PASIVO;2021/05/31
INV, S. A.;770735;PASIVO;2021/05/31
CREDICORP, S. A.;451678;PASIVO;2021/05/31
EL CRÉDITO HIPOTECARIO NACIONAL DE GUATEMALA;292552;CAPITAL;2021/05/31
INMOBILIARIO, S. A.;339505;CAPITAL;2021/05/31
DE LOS TRABAJADORES;4053125;CAPITAL;2021/05/31
INDUSTRIAL, S. A.;8669612;CAPITAL;2021/05/31
DE DESARROLLO RURAL, S. A.;8122645;CAPITAL;2021/05/31
INTERNACIONAL, S. A.;1057871;CAPITAL;2021/05/31
CITIBANK, N.A., SUCURSAL GUATEMALA;370401;CAPITAL;2021/05/31
VIVIBANCO, S. A.;154571;CAPITAL;2021/05/31
FICOHSA GUATEMALA, S. A.;328302;CAPITAL;2021/05/31
PROMERICA, S. A.;1692010;CAPITAL;2021/05/31
DE ANTIGUA, S. A.;115076;CAPITAL;2021/05/31
DE AMÉRICA CENTRAL, S. A.;3132545;CAPITAL;2021/05/31
AGROMERCANTIL DE GUATEMALA, S. A.;2890823;CAPITAL;2021/05/31
G&T CONTINENTAL, S. A.;5220592;CAPITAL;2021/05/31
AZTECA DE GUATEMALA, S. A.;632212;CAPITAL;2021/05/31
INV, S. A.;121634;CAPITAL;2021/05/31
CREDICORP, S. A.;53384;CAPITAL;2021/05/31
EL CRÉDITO HIPOTECARIO NACIONAL DE GUATEMALA;5697101;ACTIVO;2021/06/30
INMOBILIARIO, S. A.;2040048;ACTIVO;2021/06/30
DE LOS TRABAJADORES;29401801;ACTIVO;2021/06/30
INDUSTRIAL, S. A.;112157910;ACTIVO;2021/06/30
DE DESARROLLO RURAL, S. A.;89306747;ACTIVO;2021/06/30
INTERNACIONAL, S. A.;11606405;ACTIVO;2021/06/30
CITIBANK, N.A., SUCURSAL GUATEMALA;4327959;ACTIVO;2021/06/30
VIVIBANCO, S. A.;758676;ACTIVO;2021/06/30
FICOHSA GUATEMALA, S. A.;3308694;ACTIVO;2021/06/30
PROMERICA, S. A.;18754447;ACTIVO;2021/06/30
DE ANTIGUA, S. A.;1461456;ACTIVO;2021/06/30
DE AMÉRICA CENTRAL, S. A.;34088317;ACTIVO;2021/06/30
AGROMERCANTIL DE GUATEMALA, S. A.;32407601;ACTIVO;2021/06/30
G&T CONTINENTAL, S. A.;58326895;ACTIVO;2021/06/30
AZTECA DE GUATEMALA, S. A.;1992287;ACTIVO;2021/06/30
INV, S. A.;890923;ACTIVO;2021/06/30
CREDICORP, S. A.;503984;ACTIVO;2021/06/30
EL CRÉDITO HIPOTECARIO NACIONAL DE GUATEMALA;5394659;PASIVO;2021/06/30
INMOBILIARIO, S. A.;1699113;PASIVO;2021/06/30
DE LOS TRABAJADORES;25278440;PASIVO;2021/06/30
INDUSTRIAL, S. A.;103325518;PASIVO;2021/06/30
DE DESARROLLO RURAL, S. A.;81077435;PASIVO;2021/06/30
INTERNACIONAL, S. A.;10535395;PASIVO;2021/06/30
CITIBANK, N.A., SUCURSAL GUATEMALA;3940159;PASIVO;2021/06/30
VIVIBANCO, S. A.;602848;PASIVO;2021/06/30
FICOHSA GUATEMALA, S. A.;2973152;PASIVO;2021/06/30
PROMERICA, S. A.;17062140;PASIVO;2021/06/30
DE ANTIGUA, S. A.;1345850;PASIVO;2021/06/30
DE AMÉRICA CENTRAL, S. A.;30917739;PASIVO;2021/06/30
AGROMERCANTIL DE GUATEMALA, S. A.;29470436;PASIVO;2021/06/30
G&T CONTINENTAL, S. A.;53014694;PASIVO;2021/06/30
AZTECA DE GUATEMALA, S. A.;1350817;PASIVO;2021/06/30
INV, S. A.;768414;PASIVO;2021/06/30
CREDICORP, S. A.;449839;PASIVO;2021/06/30
EL CRÉDITO HIPOTECARIO NACIONAL DE GUATEMALA;302441;CAPITAL;2021/06/30
INMOBILIARIO, S. A.;340935;CAPITAL;2021/06/30
DE LOS TRABAJADORES;4123362;CAPITAL;2021/06/30
INDUSTRIAL, S. A.;8832393;CAPITAL;2021/06/30
DE DESARROLLO RURAL, S. A.;8229312;CAPITAL;2021/06/30
INTERNACIONAL, S. A.;1071010;CAPITAL;2021/06/30
CITIBANK, N.A., SUCURSAL GUATEMALA;387800;CAPITAL;2021/06/30
VIVIBANCO, S. A.;155829;CAPITAL;2021/06/30
FICOHSA GUATEMALA, S. A.;335542;CAPITAL;2021/06/30
PROMERICA, S. A.;1692306;CAPITAL;2021/06/30
DE ANTIGUA, S. A.;115606;CAPITAL;2021/06/30
DE AMÉRICA CENTRAL, S. A.;3170578;CAPITAL;2021/06/30
AGROMERCANTIL DE GUATEMALA, S. A.;2937165;CAPITAL;2021/06/30
G&T CONTINENTAL, S. A.;5312201;CAPITAL;2021/06/30
AZTECA DE GUATEMALA, S. A.;641469;CAPITAL;2021/06/30
INV, S. A.;122509;CAPITAL;2021/06/30
CREDICORP, S. A.;54145;CAPITAL;2021/06/30
EL CRÉDITO HIPOTECARIO NACIONAL DE GUATEMALA;5573490;ACTIVO;2021/07/31
INMOBILIARIO, S. A.;2056943;ACTIVO;2021/07/31
DE LOS TRABAJADORES;29673630;ACTIVO;2021/07/31
INDUSTRIAL, S. A.;116070499;ACTIVO;2021/07/31
DE DESARROLLO RURAL, S. A.;91018509;ACTIVO;2021/07/31
INTERNACIONAL, S. A.;11993491;ACTIVO;2021/07/31
CITIBANK, N.A., SUCURSAL GUATEMALA;3933182;ACTIVO;2021/07/31
VIVIBANCO, S. A.;761006;ACTIVO;2021/07/31
FICOHSA GUATEMALA, S. A.;3295446;ACTIVO;2021/07/31
PROMERICA, S. A.;18930936;ACTIVO;2021/07/31
DE ANTIGUA, S. A.;1469913;ACTIVO;2021/07/31
DE AMÉRICA CENTRAL, S. A.;33734254;ACTIVO;2021/07/31
AGROMERCANTIL DE GUATEMALA, S. A.;32411419;ACTIVO;2021/07/31
G&T CONTINENTAL, S. A.;59419330;ACTIVO;2021/07/31
AZTECA DE GUATEMALA, S. A.;1997823;ACTIVO;2021/07/31
INV, S. A.;907060;ACTIVO;2021/07/31
CREDICORP, S. A.;507522;ACTIVO;2021/07/31
EL CRÉDITO HIPOTECARIO NACIONAL DE GUATEMALA;5295979;PASIVO;2021/07/31
INMOBILIARIO, S. A.;1713945;PASIVO;2021/07/31
DE LOS TRABAJADORES;25482561;PASIVO;2021/07/31
INDUSTRIAL, S. A.;107068050;PASIVO;2021/07/31
DE DESARROLLO RURAL, S. A.;82691485;PASIVO;2021/07/31
INTERNACIONAL, S. A.;10909739;PASIVO;2021/07/31
CITIBANK, N.A., SUCURSAL GUATEMALA;3630783;PASIVO;2021/07/31
VIVIBANCO, S. A.;604527;PASIVO;2021/07/31
FICOHSA GUATEMALA, S. A.;2951320;PASIVO;2021/07/31
PROMERICA, S. A.;17209200;PASIVO;2021/07/31
DE ANTIGUA, S. A.;1354030;PASIVO;2021/07/31
DE AMÉRICA CENTRAL, S. A.;30556609;PASIVO;2021/07/31
AGROMERCANTIL DE GUATEMALA, S. A.;29423233;PASIVO;2021/07/31
G&T CONTINENTAL, S. A.;54055231;PASIVO;2021/07/31
AZTECA DE GUATEMALA, S. A.;1342423;PASIVO;2021/07/31
INV, S. A.;782810;PASIVO;2021/07/31
CREDICORP, S. A.;452624;PASIVO;2021/07/31
EL CRÉDITO HIPOTECARIO NACIONAL DE GUATEMALA;277511;CAPITAL;2021/07/31
INMOBILIARIO, S. A.;342997;CAPITAL;2021/07/31
DE LOS TRABAJADORES;4191069;CAPITAL;2021/07/31
INDUSTRIAL, S. A.;9002449;CAPITAL;2021/07/31
DE DESARROLLO RURAL, S. A.;8327024;CAPITAL;2021/07/31
INTERNACIONAL, S. A.;1083752;CAPITAL;2021/07/31
CITIBANK, N.A., SUCURSAL GUATEMALA;302399;CAPITAL;2021/07/31
VIVIBANCO, S. A.;156479;CAPITAL;2021/07/31
FICOHSA GUATEMALA, S. A.;344126;CAPITAL;2021/07/31
PROMERICA, S. A.;1721736;CAPITAL;2021/07/31
DE ANTIGUA, S. A.;115883;CAPITAL;2021/07/31
DE AMÉRICA CENTRAL, S. A.;3177644;CAPITAL;2021/07/31
AGROMERCANTIL DE GUATEMALA, S. A.;2988187;CAPITAL;2021/07/31
G&T CONTINENTAL, S. A.;5364098;CAPITAL;2021/07/31
AZTECA DE GUATEMALA, S. A.;655400;CAPITAL;2021/07/31
INV, S. A.;124250;CAPITAL;2021/07/31
CREDICORP, S. A.;54898;CAPITAL;2021/07/31
EL CRÉDITO HIPOTECARIO NACIONAL DE GUATEMALA;5773458;ACTIVO;2021/08/31
INMOBILIARIO, S. A.;2044948;ACTIVO;2021/08/31
DE LOS TRABAJADORES;30001132;ACTIVO;2021/08/31
INDUSTRIAL, S. A.;116110075;ACTIVO;2021/08/31
DE DESARROLLO RURAL, S. A.;91047476;ACTIVO;2021/08/31
INTERNACIONAL, S. A.;11909935;ACTIVO;2021/08/31
CITIBANK, N.A., SUCURSAL GUATEMALA;3843377;ACTIVO;2021/08/31
VIVIBANCO, S. A.;779308;ACTIVO;2021/08/31
FICOHSA GUATEMALA, S. A.;3269332;ACTIVO;2021/08/31
PROMERICA, S. A.;18996017;ACTIVO;2021/08/31
DE ANTIGUA, S. A.;1470590;ACTIVO;2021/08/31
DE AMÉRICA CENTRAL, S. A.;33548261;ACTIVO;2021/08/31
AGROMERCANTIL DE GUATEMALA, S. A.;32191720;ACTIVO;2021/08/31
G&T CONTINENTAL, S. A.;59560609;ACTIVO;2021/08/31
AZTECA DE GUATEMALA, S. A.;2032570;ACTIVO;2021/08/31
INV, S. A.;895404;ACTIVO;2021/08/31
CREDICORP, S. A.;536807;ACTIVO;2021/08/31
EL CRÉDITO HIPOTECARIO NACIONAL DE GUATEMALA;5486153;PASIVO;2021/08/31
INMOBILIARIO, S. A.;1701380;PASIVO;2021/08/31
DE LOS TRABAJADORES;25735495;PASIVO;2021/08/31
INDUSTRIAL, S. A.;106951178;PASIVO;2021/08/31
DE DESARROLLO RURAL, S. A.;82527220;PASIVO;2021/08/31
INTERNACIONAL, S. A.;10812985;PASIVO;2021/08/31
CITIBANK, N.A., SUCURSAL GUATEMALA;3535972;PASIVO;2021/08/31
VIVIBANCO, S. A.;622154;PASIVO;2021/08/31
FICOHSA GUATEMALA, S. A.;2919395;PASIVO;2021/08/31
PROMERICA, S. A.;17272498;PASIVO;2021/08/31
DE ANTIGUA, S. A.;1354440;PASIVO;2021/08/31
DE AMÉRICA CENTRAL, S. A.;30323223;PASIVO;2021/08/31
AGROMERCANTIL DE GUATEMALA, S. A.;29153857;PASIVO;2021/08/31
G&T CONTINENTAL, S. A.;54159859;PASIVO;2021/08/31
AZTECA DE GUATEMALA, S. A.;1366508;PASIVO;2021/08/31
INV, S. A.;770341;PASIVO;2021/08/31
CREDICORP, S. A.;481470;PASIVO;2021/08/31
EL CRÉDITO HIPOTECARIO NACIONAL DE GUATEMALA;287306;CAPITAL;2021/08/31
INMOBILIARIO, S. A.;343568;CAPITAL;2021/08/31
DE LOS TRABAJADORES;4265637;CAPITAL;2021/08/31
INDUSTRIAL, S. A.;9158897;CAPITAL;2021/08/31
DE DESARROLLO RURAL, S. A.;8520256;CAPITAL;2021/08/31
INTERNACIONAL, S. A.;1096950;CAPITAL;2021/08/31
CITIBANK, N.A., SUCURSAL GUATEMALA;307405;CAPITAL;2021/08/31
VIVIBANCO, S. A.;157154;CAPITAL;2021/08/31
FICOHSA GUATEMALA, S. A.;349937;CAPITAL;2021/08/31
PROMERICA, S. A.;1723519;CAPITAL;2021/08/31
DE ANTIGUA, S. A.;116150;CAPITAL;2021/08/31
DE AMÉRICA CENTRAL, S. A.;3225038;CAPITAL;2021/08/31
AGROMERCANTIL DE GUATEMALA, S. A.;3037863;CAPITAL;2021/08/31
G&T CONTINENTAL, S. A.;5400750;CAPITAL;2021/08/31
AZTECA DE GUATEMALA, S. A.;666062;CAPITAL;2021/08/31
INV, S. A.;125064;CAPITAL;2021/08/31
CREDICORP, S. A.;55337;CAPITAL;2021/08/31
EL CRÉDITO HIPOTECARIO NACIONAL DE GUATEMALA;5809277;ACTIVO;2021/09/30
INMOBILIARIO, S. A.;2060595;ACTIVO;2021/09/30
DE LOS TRABAJADORES;30278076;ACTIVO;2021/09/30
INDUSTRIAL, S. A.;115984105;ACTIVO;2021/09/30
DE DESARROLLO RURAL, S. A.;91460417;ACTIVO;2021/09/30
INTERNACIONAL, S. A.;11764199;ACTIVO;2021/09/30
CITIBANK, N.A., SUCURSAL GUATEMALA;3805357;ACTIVO;2021/09/30
VIVIBANCO, S. A.;779006;ACTIVO;2021/09/30
FICOHSA GUATEMALA, S. A.;3249575;ACTIVO;2021/09/30
PROMERICA, S. A.;19061136;ACTIVO;2021/09/30
DE ANTIGUA, S. A.;1485212;ACTIVO;2021/09/30
DE AMÉRICA CENTRAL, S. A.;34199384;ACTIVO;2021/09/30
AGROMERCANTIL DE GUATEMALA, S. A.;33320286;ACTIVO;2021/09/30
G&T CONTINENTAL, S. A.;59561468;ACTIVO;2021/09/30
AZTECA DE GUATEMALA, S. A.;2056519;ACTIVO;2021/09/30
INV, S. A.;894188;ACTIVO;2021/09/30
CREDICORP, S. A.;563242;ACTIVO;2021/09/30
EL CRÉDITO HIPOTECARIO NACIONAL DE GUATEMALA;5515940;PASIVO;2021/09/30
INMOBILIARIO, S. A.;1716839;PASIVO;2021/09/30
DE LOS TRABAJADORES;25937821;PASIVO;2021/09/30
INDUSTRIAL, S. A.;106619629;PASIVO;2021/09/30
DE DESARROLLO RURAL, S. A.;82843352;PASIVO;2021/09/30
INTERNACIONAL, S. A.;10652823;PASIVO;2021/09/30
CITIBANK, N.A., SUCURSAL GUATEMALA;3492143;PASIVO;2021/09/30
VIVIBANCO, S. A.;621122;PASIVO;2021/09/30
FICOHSA GUATEMALA, S. A.;2893180;PASIVO;2021/09/30
PROMERICA, S. A.;17328491;PASIVO;2021/09/30
DE ANTIGUA, S. A.;1368805;PASIVO;2021/09/30
DE AMÉRICA CENTRAL, S. A.;30875227;PASIVO;2021/09/30
AGROMERCANTIL DE GUATEMALA, S. A.;30234188;PASIVO;2021/09/30
G&T CONTINENTAL, S. A.;54007615;PASIVO;2021/09/30
AZTECA DE GUATEMALA, S. A.;1381735;PASIVO;2021/09/30
INV, S. A.;768258;PASIVO;2021/09/30
CREDICORP, S. A.;506857;PASIVO;2021/09/30
EL CRÉDITO HIPOTECARIO NACIONAL DE GUATEMALA;293338;CAPITAL;2021/09/30
INMOBILIARIO, S. A.;343756;CAPITAL;2021/09/30
DE LOS TRABAJADORES;4340254;CAPITAL;2021/09/30
INDUSTRIAL, S. A.;9364476;CAPITAL;2021/09/30
DE DESARROLLO RURAL, S. A.;8617066;CAPITAL;2021/09/30
INTERNACIONAL, S. A.;1111376;CAPITAL;2021/09/30
CITIBANK, N.A., SUCURSAL GUATEMALA;313215;CAPITAL;2021/09/30
VIVIBANCO, S. A.;157885;CAPITAL;2021/09/30
FICOHSA GUATEMALA, S. A.;356395;CAPITAL;2021/09/30
PROMERICA, S. A.;1732645;CAPITAL;2021/09/30
DE ANTIGUA, S. A.;116406;CAPITAL;2021/09/30
DE AMÉRICA CENTRAL, S. A.;3324157;CAPITAL;2021/09/30
AGROMERCANTIL DE GUATEMALA, S. A.;3086097;CAPITAL;2021/09/30
G&T CONTINENTAL, S. A.;5553853;CAPITAL;2021/09/30
AZTECA DE GUATEMALA, S. A.;674784;CAPITAL;2021/09/30
INV, S. A.;125930;CAPITAL;2021/09/30
CREDICORP, S. A.;56384;CAPITAL;2021/09/30
EL CRÉDITO HIPOTECARIO NACIONAL DE GUATEMALA;5686082;ACTIVO;2021/10/31
INMOBILIARIO, S. A.;2082353;ACTIVO;2021/10/31
DE LOS TRABAJADORES;30493687;ACTIVO;2021/10/31
INDUSTRIAL, S. A.;119259432;ACTIVO;2021/10/31
DE DESARROLLO RURAL, S. A.;92682411;ACTIVO;2021/10/31
INTERNACIONAL, S. A.;11893705;ACTIVO;2021/10/31
CITIBANK, N.A., SUCURSAL GUATEMALA;3646202;ACTIVO;2021/10/31
VIVIBANCO, S. A.;816127;ACTIVO;2021/10/31
FICOHSA GUATEMALA, S. A.;3333620;ACTIVO;2021/10/31
PROMERICA, S. A.;18914042;ACTIVO;2021/10/31
DE ANTIGUA, S. A.;1504168;ACTIVO;2021/10/31
DE AMÉRICA CENTRAL, S. A.;35097326;ACTIVO;2021/10/31
AGROMERCANTIL DE GUATEMALA, S. A.;32880175;ACTIVO;2021/10/31
G&T CONTINENTAL, S. A.;60133950;ACTIVO;2021/10/31
AZTECA DE GUATEMALA, S. A.;2064865;ACTIVO;2021/10/31
INV, S. A.;907157;ACTIVO;2021/10/31
CREDICORP, S. A.;590360;ACTIVO;2021/10/31
EL CRÉDITO HIPOTECARIO NACIONAL DE GUATEMALA;5382124;PASIVO;2021/10/31
INMOBILIARIO, S. A.;1739845;PASIVO;2021/10/31
DE LOS TRABAJADORES;26082654;PASIVO;2021/10/31
INDUSTRIAL, S. A.;109728440;PASIVO;2021/10/31
DE DESARROLLO RURAL, S. A.;83969569;PASIVO;2021/10/31
INTERNACIONAL, S. A.;10760062;PASIVO;2021/10/31
CITIBANK, N.A., SUCURSAL GUATEMALA;3326769;PASIVO;2021/10/31
VIVIBANCO, S. A.;657466;PASIVO;2021/10/31
FICOHSA GUATEMALA, S. A.;2968780;PASIVO;2021/10/31
PROMERICA, S. A.;17151004;PASIVO;2021/10/31
DE ANTIGUA, S. A.;1387371;PASIVO;2021/10/31
DE AMÉRICA CENTRAL, S. A.;31750880;PASIVO;2021/10/31
AGROMERCANTIL DE GUATEMALA, S. A.;29749604;PASIVO;2021/10/31
G&T CONTINENTAL, S. A.;54529597;PASIVO;2021/10/31
AZTECA DE GUATEMALA, S. A.;1381462;PASIVO;2021/10/31
INV, S. A.;780402;PASIVO;2021/10/31
CREDICORP, S. A.;532896;PASIVO;2021/10/31
EL CRÉDITO HIPOTECARIO NACIONAL DE GUATEMALA;303958;CAPITAL;2021/10/31
INMOBILIARIO, S. A.;342508;CAPITAL;2021/10/31
DE LOS TRABAJADORES;4411033;CAPITAL;2021/10/31
INDUSTRIAL, S. A.;9530991;CAPITAL;2021/10/31
DE DESARROLLO RURAL, S. A.;8712841;CAPITAL;2021/10/31
INTERNACIONAL, S. A.;1133643;CAPITAL;2021/10/31
CITIBANK, N.A., SUCURSAL GUATEMALA;319433;CAPITAL;2021/10/31
VIVIBANCO, S. A.;158660;CAPITAL;2021/10/31
FICOHSA GUATEMALA, S. A.;364840;CAPITAL;2021/10/31
PROMERICA, S. A.;1763038;CAPITAL;2021/10/31
DE ANTIGUA, S. A.;116797;CAPITAL;2021/10/31
DE AMÉRICA CENTRAL, S. A.;3346447;CAPITAL;2021/10/31
AGROMERCANTIL DE GUATEMALA, S. A.;3130571;CAPITAL;2021/10/31
G&T CONTINENTAL, S. A.;5604353;CAPITAL;2021/10/31
AZTECA DE GUATEMALA, S. A.;683404;CAPITAL;2021/10/31
INV, S. A.;126754;CAPITAL;2021/10/31
CREDICORP, S. A.;57464;CAPITAL;2021/10/31
